beneficiary_id,beneficiary_name
1,Beneficiary_1
2,Beneficiary_2
3,Beneficiary_3
4,Beneficiary_4
5,Beneficiary_5
6,Beneficiary_6
7,Beneficiary_7
8,Beneficiary_8
9,Beneficiary_9
10,Beneficiary_10
11,Beneficiary_11
12,Beneficiary_12
13,Beneficiary_13
14,Beneficiary_14
15,Beneficiary_15
16,Beneficiary_16
17,Beneficiary_17
18,Beneficiary_18
19,Beneficiary_19
20,Beneficiary_20
21,Beneficiary_21
22,Beneficiary_22
23,Beneficiary_23
24,Beneficiary_24
25,Beneficiary_25
26,Beneficiary_26
27,Beneficiary_27
28,Beneficiary_28
29,Beneficiary_29
30,Beneficiary_30
31,Beneficiary_31
32,Beneficiary_32
33,Beneficiary_33
34,Beneficiary_34
35,Beneficiary_35
36,Beneficiary_36
37,Beneficiary_37
38,Beneficiary_38
39,Beneficiary_39
40,Beneficiary_40
41,Beneficiary_41
42,Beneficiary_42
43,Beneficiary_43
44,Beneficiary_44
45,Beneficiary_45
46,Beneficiary_46
47,Beneficiary_47
48,Beneficiary_48
49,Beneficiary_49
50,Beneficiary_50
51,Beneficiary_51
52,Beneficiary_52
53,Beneficiary_53
54,Beneficiary_54
55,Beneficiary_55
56,Beneficiary_56
57,Beneficiary_57
58,Beneficiary_58
59,Beneficiary_59
60,Beneficiary_60
61,Beneficiary_61
62,Beneficiary_62
63,Beneficiary_63
64,Beneficiary_64
65,Beneficiary_65
66,Beneficiary_66
67,Beneficiary_67
68,Beneficiary_68
69,Beneficiary_69
70,Beneficiary_70
71,Beneficiary_71
72,Beneficiary_72
73,Beneficiary_73
74,Beneficiary_74
75,Beneficiary_75
76,Beneficiary_76
77,Beneficiary_77
78,Beneficiary_78
79,Beneficiary_79
80,Beneficiary_80
81,Beneficiary_81
82,Beneficiary_82
83,Beneficiary_83
84,Beneficiary_84
85,Beneficiary_85
86,Beneficiary_86
87,Beneficiary_87
88,Beneficiary_88
89,Beneficiary_89
90,Beneficiary_90
91,Beneficiary_91
92,Beneficiary_92
93,Beneficiary_93
94,Beneficiary_94
95,Beneficiary_95
96,Beneficiary_96
97,Beneficiary_97
98,Beneficiary_98
99,Beneficiary_99
100,Beneficiary_100
